-- phpMyAdmin SQL Dump
-- version 5.2.1
-- https://www.phpmyadmin.net/
--
-- Host: 127.0.0.1
-- Generation Time: Dec 29, 2023 at 02:50 PM
-- Server version: 10.4.28-MariaDB
-- PHP Version: 8.2.4

SET SQL_MODE = "NO_AUTO_VALUE_ON_ZERO";
START TRANSACTION;
SET time_zone = "+00:00";


/*!40101 SET @OLD_CHARACTER_SET_CLIENT=@@CHARACTER_SET_CLIENT */;
/*!40101 SET @OLD_CHARACTER_SET_RESULTS=@@CHARACTER_SET_RESULTS */;
/*!40101 SET @OLD_COLLATION_CONNECTION=@@COLLATION_CONNECTION */;
/*!40101 SET NAMES utf8mb4 */;

--
-- Database: `scvevaluation`
--

-- --------------------------------------------------------

--
-- Table structure for table `acha`
--

CREATE TABLE `acha` (
  `acha_id` int(100) NOT NULL,
  `employee_id` int(100) NOT NULL,
  `emplo_id` int(100) NOT NULL,
  `thumbnails` varchar(100) NOT NULL,
  `program_id` int(100) NOT NULL,
  `assigned_id` int(100) NOT NULL
) ENGINE=InnoDB DEFAULT CHARSET=utf8mb4 COLLATE=utf8mb4_general_ci;

--
-- Dumping data for table `acha`
--

INSERT INTO `acha` (`acha_id`, `employee_id`, `emplo_id`, `thumbnails`, `program_id`, `assigned_id`) VALUES
(131, 548, 0, 'uploads/thumbnails.jpg', 22, 548),
(132, 547, 0, 'uploads/thumbnails.jpg', 22, 547),
(133, 549, 548, 'uploads/thumbnails.jpg', 22, 549),
(134, 546, 0, 'uploads/thumbnails.jpg', 22, 546);

-- --------------------------------------------------------

--
-- Table structure for table `assigned`
--

CREATE TABLE `assigned` (
  `assigned_id` int(100) NOT NULL,
  `yebelay` int(100) NOT NULL,
  `acha` int(100) NOT NULL,
  `yebelayakal` int(100) NOT NULL,
  `custemer` int(100) NOT NULL,
  `self` int(100) NOT NULL,
  `employee_id` int(100) NOT NULL,
  `thumbnails` varchar(100) NOT NULL,
  `emplo_id` int(100) NOT NULL
) ENGINE=InnoDB DEFAULT CHARSET=utf8mb4 COLLATE=utf8mb4_general_ci;

--
-- Dumping data for table `assigned`
--

INSERT INTO `assigned` (`assigned_id`, `yebelay`, `acha`, `yebelayakal`, `custemer`, `self`, `employee_id`, `thumbnails`, `emplo_id`) VALUES
(125, 0, 0, 0, 0, 548, 548, 'uploads/thumbnails.jpg', 548),
(126, 0, 0, 548, 0, 0, 547, 'uploads/thumbnails.jpg', 547),
(127, 0, 548, 0, 0, 0, 549, 'uploads/thumbnails.jpg', 549),
(128, 548, 0, 0, 0, 0, 546, 'uploads/thumbnails.jpg', 546);

-- --------------------------------------------------------

--
-- Table structure for table `content`
--

CREATE TABLE `content` (
  `content_id` int(100) NOT NULL,
  `title` varchar(100) NOT NULL,
  `content` text NOT NULL
) ENGINE=InnoDB DEFAULT CHARSET=utf8mb4 COLLATE=utf8mb4_general_ci;

--
-- Dumping data for table `content`
--

INSERT INTO `content` (`content_id`, `title`, `content`) VALUES
(1, 'Mastawesha', '<p>lekeTay tezegaju</p>\r\n'),
(2, 'f', '<p>dff</p>\r\n');

-- --------------------------------------------------------

--
-- Table structure for table `costemer`
--

CREATE TABLE `costemer` (
  `costemer_id` int(100) NOT NULL,
  `employee_id` int(100) NOT NULL,
  `costemer` int(100) NOT NULL,
  `thumbnails` varchar(100) NOT NULL,
  `program_id` int(100) NOT NULL,
  `customer_id` int(100) NOT NULL
) ENGINE=InnoDB DEFAULT CHARSET=utf8mb4 COLLATE=utf8mb4_general_ci;

--
-- Dumping data for table `costemer`
--

INSERT INTO `costemer` (`costemer_id`, `employee_id`, `costemer`, `thumbnails`, `program_id`, `customer_id`) VALUES
(46, 548, 0, 'uploads/thumbnails.jpg', 0, 9);

-- --------------------------------------------------------

--
-- Table structure for table `criteria_list`
--

CREATE TABLE `criteria_list` (
  `criteria_id` int(30) NOT NULL,
  `criteria` text NOT NULL,
  `order_by` int(30) NOT NULL,
  `question_ID` int(100) NOT NULL
) ENGINE=InnoDB DEFAULT CHARSET=utf8mb4 COLLATE=utf8mb4_general_ci;

--
-- Dumping data for table `criteria_list`
--

INSERT INTO `criteria_list` (`criteria_id`, `criteria`, `order_by`, `question_ID`) VALUES
(0, 'አጠቃላይ ግምገማ', 3, 0),
(23, 'ሰዓት አክባሪነት', 1, 0),
(54, 'ሰዓት አክባሪነትሰዓት አክባሪነት', 3, 0);

-- --------------------------------------------------------

--
-- Table structure for table `customer`
--

CREATE TABLE `customer` (
  `customer_id` int(100) NOT NULL,
  `customer_name` varchar(100) NOT NULL,
  `program_id` int(11) NOT NULL,
  `usernmae` varchar(25) NOT NULL,
  `password` varchar(25) NOT NULL,
  `location` varchar(100) NOT NULL,
  `department_id` int(100) NOT NULL
) ENGINE=InnoDB DEFAULT CHARSET=utf8mb4 COLLATE=utf8mb4_general_ci;

--
-- Dumping data for table `customer`
--

INSERT INTO `customer` (`customer_id`, `customer_name`, `program_id`, `usernmae`, `password`, `location`, `department_id`) VALUES
(9, 'Munir Yasin', 21, 'Yasin', '123', 'uploads/NO-IMAGE-AVAILABLE.jpg', 0),
(12, 'Daniel Alemu', 21, 'danale', '123', 'uploads/NO-IMAGE-AVAILABLE.jpg', 37),
(13, 'Berihun', 21, 'Molla', '123', 'uploads/NO-IMAGE-AVAILABLE.jpg', 37);

-- --------------------------------------------------------

--
-- Table structure for table `department`
--

CREATE TABLE `department` (
  `department_id` int(11) NOT NULL,
  `department_name` varchar(100) CHARACTER SET utf8 COLLATE utf8_general_ci NOT NULL,
  `dean` varchar(100) CHARACTER SET utf8 COLLATE utf8_general_ci NOT NULL,
  `Field Table` varchar(10) NOT NULL
) ENGINE=InnoDB DEFAULT CHARSET=latin1 COLLATE=latin1_swedish_ci;

--
-- Dumping data for table `department`
--

INSERT INTO `department` (`department_id`, `department_name`, `dean`, `Field Table`) VALUES
(31, 'HDCOVA', 'HDCOVA-001', ''),
(33, 'Electro Technology', 'ELC', ''),
(36, 'Manufacturing Training', 'GMF', ''),
(37, 'Information Commination Technology', 'ICT', ''),
(38, 'Textile Garment', 'Garment', ''),
(56, 'Customer Contact & Secretarial Operation', 'CCS', ''),
(57, 'Hotel Training', 'HOK', ''),
(58, 'Misale Driver Training Academy', 'Misale', ''),
(59, 'Wood Training', 'FMK', ''),
(60, 'Urban Agiri Calcher', 'UAC', '');

-- --------------------------------------------------------

--
-- Table structure for table `employee`
--

CREATE TABLE `employee` (
  `employee_id` int(100) NOT NULL,
  `emplo_id` int(100) NOT NULL,
  `firstname` varchar(100) NOT NULL,
  `lastname` varchar(100) NOT NULL,
  `middle_name` varchar(100) NOT NULL,
  `gender` varchar(50) NOT NULL,
  `program_id` int(100) NOT NULL,
  `job_title_id` int(11) NOT NULL,
  `emp_ID` varchar(100) NOT NULL,
  `password` varchar(100) NOT NULL,
  `location` varchar(100) NOT NULL,
  `About` varchar(100) NOT NULL,
  `signature_img` varchar(255) CHARACTER SET utf8mb4 COLLATE utf8mb4_bin NOT NULL
) ENGINE=InnoDB DEFAULT CHARSET=utf8mb4 COLLATE=utf8mb4_general_ci;

--
-- Dumping data for table `employee`
--

INSERT INTO `employee` (`employee_id`, `emplo_id`, `firstname`, `lastname`, `middle_name`, `gender`, `program_id`, `job_title_id`, `emp_ID`, `password`, `location`, `About`, `signature_img`) VALUES
(1, 10, 'Balkew', 'Kidane', 'Solomon', 'ወንድ', 20, 41, 'balkid', '123', 'uploads/NO-IMAGE-AVAILABLE.jpg', '', ''),
(11, 20, 'Mikiy', 'Yared', 'Belachew', 'ወንድ', 21, 41, 'mikbel', '123', 'uploads/NO-IMAGE-AVAILABLE.jpg', '', ''),
(34, 19, 'Ermo', 'Degefaw', 'dgfg', 'ወንድ', 23, 41, '34', '123', 'uploads/NO-IMAGE-AVAILABLE.jpg', '', ''),
(73, 1, 'Belete', 'Yasin', 'Tofik', 'ወንድ', 26, 41, 's001', '123', 'uploads/NO-IMAGE-AVAILABLE.jpg', '0', ''),
(74, 2, 'Daniel', 'Alemu', 'wefgewr', 'ወንድ', 23, 41, 'cpu00', '123', 'uploads/NO-IMAGE-AVAILABLE.jpg', '0', ''),
(113, 3, 'Kebelay', 'Kebede', 'Yasin', 'ወንድ', 19, 41, 'emp', '123', 'uploads/NO-IMAGE-AVAILABLE.jpg', '0', ''),
(546, 4, 'Tibebu', 'Leta', 'SCV', 'ወንድ', 19, 41, 'tib', '123', 'uploads/NO-IMAGE-AVAILABLE.jpg', '0', ''),
(547, 5, 'Desalegne', 'Gite', 'SCV', 'ወንድ', 19, 41, 'des', '123', 'uploads/NO-IMAGE-AVAILABLE.jpg', '0', ''),
(548, 6, 'Daniel', 'Alemu', 'Lidetu', 'ወንድ', 20, 41, 'dan', '123', 'uploads/jkev.jpg', 'IT Department ', ''),
(549, 7, 'Seare', 'G/egzi', 'SCV', 'ወንድ', 22, 41, 'sea', '123', 'uploads/photo_2023-11-04_09-22-08.jpg', '0', ''),
(900, 22, 'Teshome', 'Belay', 'Yared', 'ወንድ', 19, 41, 'tes', '123', 'uploads/NO-IMAGE-AVAILABLE.jpg', '', ''),
(2147483647, 16, 'cvb', 'fdhg', 'dgfg', 'ወንድ', 23, 41, 'fdg', 'fgd', 'uploads/NO-IMAGE-AVAILABLE.jpg', '', '');

-- --------------------------------------------------------

--
-- Table structure for table `employee_result`
--

CREATE TABLE `employee_result` (
  `employee_result_id` int(100) NOT NULL,
  `employee_id` int(100) NOT NULL,
  `emplo_id` int(100) NOT NULL,
  `result_point` varchar(5) CHARACTER SET latin1 COLLATE latin1_general_ci NOT NULL,
  `Date_Time` date NOT NULL DEFAULT current_timestamp(),
  `Time` time NOT NULL DEFAULT current_timestamp(),
  `program_id` int(100) NOT NULL,
  `evaluate` int(100) NOT NULL,
  `stated` int(100) NOT NULL
) ENGINE=InnoDB DEFAULT CHARSET=utf8mb4 COLLATE=utf8mb4_general_ci;

--
-- Dumping data for table `employee_result`
--

INSERT INTO `employee_result` (`employee_result_id`, `employee_id`, `emplo_id`, `result_point`, `Date_Time`, `Time`, `program_id`, `evaluate`, `stated`) VALUES
(443, 548, 548, '18.09', '2023-12-29', '10:26:14', 20, 547, 20),
(444, 548, 548, '19.47', '2023-12-29', '10:26:35', 22, 549, 20),
(445, 548, 548, '34.58', '2023-12-29', '10:26:58', 19, 546, 35),
(446, 9, 548, '13', '2023-12-29', '10:27:22', 21, 0, 15),
(447, 548, 548, '9.333', '2023-12-29', '10:27:57', 23, 548, 10);

-- --------------------------------------------------------

--
-- Table structure for table `evaluation_year`
--

CREATE TABLE `evaluation_year` (
  `evaluation_year_id` int(11) NOT NULL,
  `evaluation_year` varchar(100) NOT NULL
) ENGINE=InnoDB DEFAULT CHARSET=utf8mb4 COLLATE=utf8mb4_general_ci;

--
-- Dumping data for table `evaluation_year`
--

INSERT INTO `evaluation_year` (`evaluation_year_id`, `evaluation_year`) VALUES
(124, 'scv-2015');

-- --------------------------------------------------------

--
-- Table structure for table `feedback`
--

CREATE TABLE `feedback` (
  `feedback_id` int(11) NOT NULL,
  `quality_score` tinyint(4) NOT NULL,
  `feedback` text CHARACTER SET latin1 COLLATE latin1_swedish_ci NOT NULL,
  `employee_id` int(100) NOT NULL
) ENGINE=InnoDB DEFAULT CHARSET=utf8mb4 COLLATE=utf8mb4_general_ci;

--
-- Dumping data for table `feedback`
--

INSERT INTO `feedback` (`feedback_id`, `quality_score`, `feedback`, `employee_id`) VALUES
(185, 0, '', 548),
(186, 0, '', 548),
(187, 0, '', 548),
(188, 0, '', 548),
(189, 0, '', 548);

-- --------------------------------------------------------

--
-- Table structure for table `job_title`
--

CREATE TABLE `job_title` (
  `job_title_id` int(11) NOT NULL,
  `job_title_name` varchar(100) CHARACTER SET utf8 COLLATE utf8_general_ci NOT NULL,
  `title` varchar(100) CHARACTER SET utf8 COLLATE utf8_general_ci NOT NULL
) ENGINE=InnoDB DEFAULT CHARSET=latin1 COLLATE=latin1_swedish_ci;

--
-- Dumping data for table `job_title`
--

INSERT INTO `job_title` (`job_title_id`, `job_title_name`, `title`) VALUES
(41, '', 'የስልጠና ዘርፍ '),
(42, '', 'ድጋፍ ሰጪ');

-- --------------------------------------------------------

--
-- Table structure for table `programs`
--

CREATE TABLE `programs` (
  `program_id` int(100) NOT NULL,
  `program_name` varchar(50) NOT NULL,
  `ID_CODE` varchar(100) NOT NULL,
  `job_title_id` int(11) NOT NULL
) ENGINE=InnoDB DEFAULT CHARSET=utf8mb4 COLLATE=utf8mb4_general_ci;

--
-- Dumping data for table `programs`
--

INSERT INTO `programs` (`program_id`, `program_name`, `ID_CODE`, `job_title_id`) VALUES
(19, 'የበላይ ሀላፊ', 'TR-የበላይ ሀላፊ', 41),
(20, 'የበታች ሰራተኛ', 'TR-የበታች ሰራተኛ', 41),
(21, 'ተገልጋይ ደንበኛ', 'TR-ተገልጋይ ደንበኛ', 41),
(22, 'አቻ ሰራተኛ', 'TR-አቻ ሰራተኛ', 41),
(23, 'ራስን በራስ', 'TR-ራስን በራስ', 41),
(24, 'የበላይ ሀላፊ', 'SU-የበላይ ሀላፊ', 42),
(25, 'የበታች ሰራተኛ', 'SU-የበታች ሰራተኛ', 42),
(26, 'ተገልጋይ ደንበኛ', 'SU-ተገልጋይ ደንበኛ', 42),
(27, 'አቻ ሰራተኛ', 'SU-አቻ ሰራተኛ', 42),
(28, 'ራስን በራስ', 'SU-ራስን በራስ', 42);

-- --------------------------------------------------------

--
-- Table structure for table `question_list`
--

CREATE TABLE `question_list` (
  `question_ID` int(100) NOT NULL,
  `question` text NOT NULL,
  `description` varchar(100) NOT NULL,
  `program_id` int(100) NOT NULL,
  `job_title_id` int(11) NOT NULL,
  `criteria_id` int(30) NOT NULL,
  `weight` varchar(11) NOT NULL,
  `result_point` varchar(100) NOT NULL
) ENGINE=InnoDB DEFAULT CHARSET=utf8mb4 COLLATE=utf8mb4_general_ci;

--
-- Dumping data for table `question_list`
--

INSERT INTO `question_list` (`question_ID`, `question`, `description`, `program_id`, `job_title_id`, `criteria_id`, `weight`, `result_point`) VALUES
(30, 'የበላይ ቅድሚያ የሚሰጣቸውን ነገሮች በትክክለኛው የጥድፊያ ስሜት እና አስፈላጊነት ያስተላልፋል።', 'የግንኙነት ዘይቤ', 19, 0, 0, '5', ''),
(31, 'የበላይ ከግለሰቦች እና ቡድኖች ጋር መደበኛ የአፈጻጸም ግብረመልስ ውይይት ያካሂዳል', 'ሁለገብ ችሎታ', 19, 0, 0, '8', ''),
(32, 'የበላይ ሌሎችን ሃሳባቸውን እና አስተያየታቸውን ይጠይቃሉ።', 'ሁኔታዊ ግንዛቤ', 19, 0, 0, '6', ''),
(33, 'የበላይ በምልክት ደረጃ ላይ ሳይሆን ችግሮችን በዋና መንስኤ የመፍታት ችሎታ', 'ችግር ፈቺ', 19, 0, 0, '10', ''),
(34, 'የበላይ በመምሪያው እና በድርጅቱ ውስጥ ክፍት ተሳትፎ እና ግንኙነትን ያበረታታል።', 'የቡድን ስራን ያበረታታል።', 19, 0, 0, '12', ''),
(35, 'የበላይ ሌሎችን ወደ በጣም አስፈላጊ ዓላማዎች በመምራት ላይ ያተኩራል (መፈጸሙን ያረጋግጡ)', 'ሙያዊ መገኘት', 19, 0, 0, '8', ''),
(36, 'የበላይ ቅልጥፍናን እና ውጤታማነትን ለማሻሻል ለውጦችን ያውቃል እና ይተገበራል።', 'ምን ያህል ____ የሚከተሉትን ያሳያል ...', 19, 0, 0, '18', ''),
(37, 'የበላይ የይዘቱን ፍላጎቶች የሚያንፀባርቅ የመገናኛ ዘዴን (ማለትም ኢሜል፣ የድምጽ መልእክት፣ ማስታወሻ፣ የፕሮጀክት ሰነድ) ይመርጣል (ማለትም አጣዳፊነት፣ ሚስጥራዊነት፣ የይዘት ወሰን)።', 'የግንኙነት ችሎታዎች', 19, 0, 0, '8', ''),
(38, 'የበታች ውጤትን ለማግኘት የሥራ ባልደረቦች ትብብርን ያበረታታል።', 'የቡድን ስራ', 20, 0, 0, '6', ''),
(39, 'የበላይ በሌሎች አወንታዊ ሀሳቦች ላይ እምነት እንዳላቸው በተግባራቸው ያሳያል', 'አመለካከት', 19, 0, 0, '8', ''),
(40, 'የበላይ በተደጋጋሚ በሚለዋወጠው እና እርግጠኛ ባልሆነ አካባቢ ውስጥ ውሳኔዎችን ያደርጋል', 'ተለዋዋጭነት', 19, 0, 0, '6', ''),
(41, 'የበላይ ኩባንያው እንዴት እንደሚሰራ እና እንደሚሰራ ይገነዘባል', 'ኩባንያ', 19, 0, 0, '5', ''),
(52, 'የበታች ሰራተኛው ለደንበኞች አስቸጋሪ ችግሮች መፍትሄ ይሰጣል?', 'አመራር', 20, 0, 0, '5', ''),
(53, 'የበታች ይህ ሰራተኛ በቡድናቸው ውስጥ ለሌሎች አክብሮት ያሳያል?', 'ሁለገብ ችሎታ', 20, 0, 0, '10', ''),
(54, 'አቻ ሰራተኛው ያለ እርዳታ ችግሮችን በመመርመር በራስ መተማመን ይሰማዋል?', 'ችግር ፈቺ', 22, 0, 0, '6', ''),
(55, 'አቻ ሰራተኛው ስለ ድርጅቱ ስልታዊ ራዕይ ያውቃል?', 'ድርጅታዊ አሰላለፍ', 22, 0, 0, '5', ''),
(56, 'አቻ ሰራተኛው ከሥራው ጋር ተነሳሽነት እንዳለው ይናገራል?', 'የሰራተኛ ተነሳሽነት', 22, 0, 0, '10', ''),
(57, 'ራስን በራስ ሰራተኛው ከሌሎች ጋር ሲሰራ የትብብር ስሜት ይፈጥራል?', 'ቅልጥፍና', 23, 0, 0, '5', ''),
(58, 'ራስን በራስ የተመልካቾችን ፍላጎት መሰረት ያደረገ ግንኙነትን ያዘጋጃል።', 'ግንኙነት', 23, 0, 0, '7', ''),
(59, 'ራስን በራስ ከንግድ ቅድሚያ ከሚሰጣቸው ለውጦች ጋር ያስተካክላል እና ያስተካክላል', 'ስልታዊ አስተሳሰብ', 23, 0, 0, '6', ''),
(60, 'አቻ ውሳኔ በሚሰጥበት ጊዜ ትክክለኛ ባለድርሻ አካላትን ያካትታል', 'ውሳኔ መስጠት', 22, 0, 0, '6', ''),
(61, 'ተገልጋይ ሁሉም ሰው የሚሳካበት አካባቢ ይፈጥራል', 'ቡድኑን መምራት', 21, 0, 0, '5', ''),
(62, 'ተገልጋይ ይህ ሰራተኛ ለቡድን እቅድ እና ቅንጅት አስተዋፅኦ ያደርጋል?', ' ቅልጥፍና', 21, 0, 0, '10', ''),
(63, 'አቻ ሌሎች የቡድን አባላት በስራቸው እንዲረዳቸው ወደ ሰራተኛው ይመለከታሉ?', 'አመራር', 22, 0, 0, '5', ''),
(64, 'አቻ ሰራተኛው የድርጅቱን ዋና የሰዎች እሴቶች ያሳያል?', 'ሁለገብ ችሎታ', 22, 0, 0, '6', ''),
(65, 'ሰራተኛው የድርጅቱን ዋና የሰዎች እሴቶች ያሳያል?', 'ሁለገብ ችሎታ', 24, 0, 0, '6', ''),
(66, 'ሰራተኛው ያለ እርዳታ ችግሮችን በመመርመር በራስ መተማመን ይሰማዋል?', 'ችግር ፈቺ', 24, 0, 0, '8', ''),
(67, 'ሰራተኛው በቡድን ውስጥ ውጤታማ በሆነ መልኩ ከሌሎች ጋር ይተባበራል?', 'ሁለገብ ችሎታ', 26, 0, 0, '6', ''),
(72, 'uy', 'jhgfgfh', 19, 0, 0, '8', '');

-- --------------------------------------------------------

--
-- Table structure for table `registerd`
--

CREATE TABLE `registerd` (
  `registerd_id` int(100) NOT NULL,
  `username` varchar(100) NOT NULL,
  `password` varchar(100) NOT NULL,
  `firstname` varchar(100) NOT NULL,
  `lastname` varchar(100) NOT NULL,
  `location` varchar(100) NOT NULL
) ENGINE=InnoDB DEFAULT CHARSET=utf8mb4 COLLATE=utf8mb4_general_ci;

--
-- Dumping data for table `registerd`
--

INSERT INTO `registerd` (`registerd_id`, `username`, `password`, `firstname`, `lastname`, `location`) VALUES
(3, 'danale', 'danale', 'Daniel', 'Alemu', 'uploads/NO-IMAGE-AVAILABLE.jpg'),
(4, 'girma', '4321', 'Bersabeti', 'Girma', 'uploads/NO-IMAGE-AVAILABLE.jpg'),
(8, 'user', '123', 'Takele', 'Bereso', 'uploads/NO-IMAGE-AVAILABLE.jpg');

-- --------------------------------------------------------

--
-- Table structure for table `self`
--

CREATE TABLE `self` (
  `self_id` int(100) NOT NULL,
  `employee_id` int(100) NOT NULL,
  `emplo_id` int(100) NOT NULL,
  `thumbnails` varchar(100) NOT NULL,
  `program_id` int(100) NOT NULL
) ENGINE=InnoDB DEFAULT CHARSET=utf8mb4 COLLATE=utf8mb4_general_ci;

--
-- Dumping data for table `self`
--

INSERT INTO `self` (`self_id`, `employee_id`, `emplo_id`, `thumbnails`, `program_id`) VALUES
(126, 548, 548, 'uploads/thumbnails.jpg', 23),
(127, 547, 0, 'uploads/thumbnails.jpg', 23),
(128, 549, 0, 'uploads/thumbnails.jpg', 23),
(129, 546, 0, 'uploads/thumbnails.jpg', 23);

-- --------------------------------------------------------

--
-- Table structure for table `users`
--

CREATE TABLE `users` (
  `user_id` int(11) NOT NULL,
  `username` varchar(100) NOT NULL,
  `password` varchar(100) NOT NULL,
  `firstname` varchar(100) NOT NULL,
  `lastname` varchar(100) NOT NULL,
  `adminthumbnails` varchar(100) NOT NULL
) ENGINE=InnoDB DEFAULT CHARSET=latin1 COLLATE=latin1_swedish_ci;

--
-- Dumping data for table `users`
--

INSERT INTO `users` (`user_id`, `username`, `password`, `firstname`, `lastname`, `adminthumbnails`) VALUES
(15, 'admin', '12345', 'admin', 'admin', 'uploads/cc.png'),
(21, 'admin', '123', 'Tibebu', 'Leta', 'uploads/cc.png');

-- --------------------------------------------------------

--
-- Table structure for table `user_log`
--

CREATE TABLE `user_log` (
  `user_log_id` int(11) NOT NULL,
  `username` varchar(25) NOT NULL,
  `login_date` varchar(30) NOT NULL,
  `logout_date` varchar(30) NOT NULL,
  `user_id` int(11) NOT NULL,
  `password` varchar(100) NOT NULL,
  `registerd_id` int(100) NOT NULL,
  `empuser` int(100) NOT NULL,
  `emppass` int(100) NOT NULL,
  `employee_id` int(100) NOT NULL,
  `customer_id` int(100) NOT NULL
) ENGINE=InnoDB DEFAULT CHARSET=latin1 COLLATE=latin1_swedish_ci;

--
-- Dumping data for table `user_log`
--

INSERT INTO `user_log` (`user_log_id`, `username`, `login_date`, `logout_date`, `user_id`, `password`, `registerd_id`, `empuser`, `emppass`, `employee_id`, `customer_id`) VALUES
(1086, '', '2023-12-23 08:58:02', '', 0, '', 0, 0, 0, 548, 0),
(1087, 'admin', '2023-12-23 08:58:16', '2023-12-29 10:25:59', 21, '', 0, 0, 0, 0, 0),
(1088, 'admin', '2023-12-23 09:01:14', '2023-12-29 10:25:59', 21, '', 0, 0, 0, 0, 0),
(1089, '', '2023-12-23 09:41:45', '', 0, '', 0, 0, 0, 547, 0),
(1090, 'admin', '2023-12-23 09:53:47', '2023-12-29 10:25:59', 21, '', 0, 0, 0, 0, 0),
(1091, 'admin', '2023-12-23 09:56:22', '2023-12-29 10:25:59', 21, '', 0, 0, 0, 0, 0),
(1092, 'Yasin', '2023-12-23 10:40:08', '2023-12-29 10:27:36', 0, '', 0, 0, 0, 0, 9),
(1093, 'admin', '2023-12-23 10:40:35', '2023-12-29 10:25:59', 21, '', 0, 0, 0, 0, 0),
(1094, 'Yasin', '2023-12-23 10:41:11', '2023-12-29 10:27:36', 0, '', 0, 0, 0, 0, 9),
(1095, '', '2023-12-23 10:41:36', '', 0, '', 0, 0, 0, 548, 0),
(1096, '', '2023-12-23 11:19:52', '', 0, '', 0, 0, 0, 548, 0),
(1097, '', '2023-12-23 12:03:43', '', 0, '', 0, 0, 0, 547, 0),
(1098, 'admin', '2023-12-23 12:22:09', '2023-12-29 10:25:59', 21, '', 0, 0, 0, 0, 0),
(1099, 'admin', '2023-12-23 12:40:41', '2023-12-29 10:25:59', 21, '', 0, 0, 0, 0, 0),
(1100, '', '2023-12-23 15:45:56', '', 0, '', 0, 0, 0, 548, 0),
(1101, 'admin', '2023-12-23 15:46:38', '2023-12-29 10:25:59', 21, '', 0, 0, 0, 0, 0),
(1102, '', '2023-12-23 16:04:00', '', 0, '', 0, 0, 0, 548, 0),
(1103, 'admin', '2023-12-24 07:19:35', '2023-12-29 10:25:59', 21, '', 0, 0, 0, 0, 0),
(1104, '', '2023-12-24 07:49:08', '', 0, '', 0, 0, 0, 548, 0),
(1105, '', '2023-12-24 07:54:16', '', 0, '', 0, 0, 0, 548, 0),
(1106, 'admin', '2023-12-24 08:02:46', '2023-12-29 10:25:59', 21, '', 0, 0, 0, 0, 0),
(1107, '', '2023-12-24 08:03:21', '', 0, '', 0, 0, 0, 548, 0),
(1108, 'admin', '2023-12-24 08:10:41', '2023-12-29 10:25:59', 21, '', 0, 0, 0, 0, 0),
(1109, '', '2023-12-24 08:11:34', '', 0, '', 0, 0, 0, 548, 0),
(1110, 'admin', '2023-12-24 08:18:23', '2023-12-29 10:25:59', 21, '', 0, 0, 0, 0, 0),
(1111, '', '2023-12-24 08:47:49', '', 0, '', 0, 0, 0, 548, 0),
(1112, 'admin', '2023-12-24 09:06:36', '2023-12-29 10:25:59', 21, '', 0, 0, 0, 0, 0),
(1113, '', '2023-12-24 09:11:12', '', 0, '', 0, 0, 0, 548, 0),
(1114, '', '2023-12-24 09:11:12', '', 0, '', 0, 0, 0, 548, 0),
(1115, '', '2023-12-24 09:12:49', '', 0, '', 0, 0, 0, 547, 0),
(1116, 'admin', '2023-12-24 09:13:03', '2023-12-29 10:25:59', 21, '', 0, 0, 0, 0, 0),
(1117, '', '2023-12-24 09:14:15', '', 0, '', 0, 0, 0, 548, 0),
(1118, '', '2023-12-24 09:14:30', '', 0, '', 0, 0, 0, 547, 0),
(1119, '', '2023-12-24 09:20:10', '', 0, '', 0, 0, 0, 548, 0),
(1120, '', '2023-12-24 10:27:12', '', 0, '', 0, 0, 0, 548, 0),
(1121, 'admin', '2023-12-24 10:36:41', '2023-12-29 10:25:59', 21, '', 0, 0, 0, 0, 0),
(1122, '', '2023-12-24 10:41:32', '', 0, '', 0, 0, 0, 900, 0),
(1123, '', '2023-12-24 10:41:59', '', 0, '', 0, 0, 0, 548, 0),
(1124, 'admin', '2023-12-24 10:58:21', '2023-12-29 10:25:59', 21, '', 0, 0, 0, 0, 0),
(1125, '', '2023-12-24 11:00:05', '', 0, '', 0, 0, 0, 547, 0),
(1126, '', '2023-12-24 11:03:22', '', 0, '', 0, 0, 0, 548, 0),
(1127, 'admin', '2023-12-24 11:03:40', '2023-12-29 10:25:59', 21, '', 0, 0, 0, 0, 0),
(1128, '', '2023-12-24 11:04:37', '', 0, '', 0, 0, 0, 549, 0),
(1129, '', '2023-12-24 11:14:17', '', 0, '', 0, 0, 0, 548, 0),
(1130, '', '2023-12-24 11:14:34', '', 0, '', 0, 0, 0, 547, 0),
(1131, 'admin', '2023-12-24 11:39:36', '2023-12-29 10:25:59', 21, '', 0, 0, 0, 0, 0),
(1132, '', '2023-12-24 11:41:02', '', 0, '', 0, 0, 0, 1, 0),
(1133, '', '2023-12-24 11:42:30', '', 0, '', 0, 0, 0, 548, 0),
(1134, 'admin', '2023-12-24 11:44:32', '2023-12-29 10:25:59', 21, '', 0, 0, 0, 0, 0),
(1135, '', '2023-12-24 11:47:16', '', 0, '', 0, 0, 0, 548, 0),
(1136, '', '2023-12-24 11:49:09', '', 0, '', 0, 0, 0, 548, 0),
(1137, '', '2023-12-24 14:03:15', '', 0, '', 0, 0, 0, 548, 0),
(1138, '', '2023-12-24 14:03:31', '', 0, '', 0, 0, 0, 547, 0),
(1139, '', '2023-12-24 14:03:46', '', 0, '', 0, 0, 0, 549, 0),
(1140, 'admin', '2023-12-24 14:04:14', '2023-12-29 10:25:59', 21, '', 0, 0, 0, 0, 0),
(1141, 'admin', '2023-12-24 14:06:21', '2023-12-29 10:25:59', 21, '', 0, 0, 0, 0, 0),
(1142, '', '2023-12-24 14:06:37', '', 0, '', 0, 0, 0, 547, 0),
(1143, 'admin', '2023-12-24 14:22:11', '2023-12-29 10:25:59', 21, '', 0, 0, 0, 0, 0),
(1144, 'Yasin', '2023-12-24 14:23:06', '2023-12-29 10:27:36', 0, '', 0, 0, 0, 0, 9),
(1145, 'girma', '2023-12-24 14:23:56', '', 0, '', 4, 0, 0, 0, 0),
(1146, 'admin', '2023-12-24 14:24:26', '2023-12-29 10:25:59', 21, '', 0, 0, 0, 0, 0),
(1147, 'Yasin', '2023-12-24 14:24:53', '2023-12-29 10:27:36', 0, '', 0, 0, 0, 0, 9),
(1148, 'Yasin', '2023-12-24 14:24:54', '2023-12-29 10:27:36', 0, '', 0, 0, 0, 0, 9),
(1149, 'girma', '2023-12-24 14:25:28', '', 0, '', 4, 0, 0, 0, 0),
(1150, 'admin', '2023-12-24 14:41:19', '2023-12-29 10:25:59', 21, '', 0, 0, 0, 0, 0),
(1151, '', '2023-12-24 14:45:31', '', 0, '', 0, 0, 0, 548, 0),
(1152, 'admin', '2023-12-24 15:57:07', '2023-12-29 10:25:59', 21, '', 0, 0, 0, 0, 0),
(1153, '', '2023-12-24 17:48:09', '', 0, '', 0, 0, 0, 549, 0),
(1154, '', '2023-12-24 17:48:24', '', 0, '', 0, 0, 0, 547, 0),
(1155, '', '2023-12-24 17:53:12', '', 0, '', 0, 0, 0, 548, 0),
(1156, 'admin', '2023-12-24 17:53:54', '2023-12-29 10:25:59', 21, '', 0, 0, 0, 0, 0),
(1157, '', '2023-12-24 18:02:25', '', 0, '', 0, 0, 0, 548, 0),
(1158, '', '2023-12-24 19:47:06', '', 0, '', 0, 0, 0, 548, 0),
(1159, 'admin', '2023-12-24 19:48:18', '2023-12-29 10:25:59', 21, '', 0, 0, 0, 0, 0),
(1160, '', '2023-12-24 19:56:09', '', 0, '', 0, 0, 0, 547, 0),
(1161, '', '2023-12-24 20:05:35', '', 0, '', 0, 0, 0, 548, 0),
(1162, 'admin', '2023-12-24 20:06:04', '2023-12-29 10:25:59', 21, '', 0, 0, 0, 0, 0),
(1163, '', '2023-12-24 20:11:15', '', 0, '', 0, 0, 0, 548, 0),
(1164, 'admin', '2023-12-24 20:11:33', '2023-12-29 10:25:59', 21, '', 0, 0, 0, 0, 0),
(1165, '', '2023-12-24 20:12:07', '', 0, '', 0, 0, 0, 548, 0),
(1166, '', '2023-12-24 20:12:08', '', 0, '', 0, 0, 0, 548, 0),
(1167, 'Yasin', '2023-12-24 20:17:02', '2023-12-29 10:27:36', 0, '', 0, 0, 0, 0, 9),
(1168, 'admin', '2023-12-25 09:09:46', '2023-12-29 10:25:59', 21, '', 0, 0, 0, 0, 0),
(1169, 'admin', '2023-12-25 09:09:46', '2023-12-29 10:25:59', 21, '', 0, 0, 0, 0, 0),
(1170, '', '2023-12-25 09:54:58', '', 0, '', 0, 0, 0, 547, 0),
(1171, 'admin', '2023-12-25 09:56:13', '2023-12-29 10:25:59', 21, '', 0, 0, 0, 0, 0),
(1172, 'admin', '2023-12-25 09:56:14', '2023-12-29 10:25:59', 21, '', 0, 0, 0, 0, 0),
(1173, '', '2023-12-25 09:58:58', '', 0, '', 0, 0, 0, 547, 0),
(1174, 'admin', '2023-12-25 09:59:55', '2023-12-29 10:25:59', 21, '', 0, 0, 0, 0, 0),
(1175, 'admin', '2023-12-25 09:59:56', '2023-12-29 10:25:59', 21, '', 0, 0, 0, 0, 0),
(1176, '', '2023-12-25 10:07:37', '', 0, '', 0, 0, 0, 547, 0),
(1177, 'admin', '2023-12-25 10:08:39', '2023-12-29 10:25:59', 21, '', 0, 0, 0, 0, 0),
(1178, 'admin', '2023-12-25 10:08:39', '2023-12-29 10:25:59', 21, '', 0, 0, 0, 0, 0),
(1179, '', '2023-12-25 10:09:15', '', 0, '', 0, 0, 0, 547, 0),
(1180, 'admin', '2023-12-25 10:12:54', '2023-12-29 10:25:59', 21, '', 0, 0, 0, 0, 0),
(1181, '', '2023-12-25 10:13:40', '', 0, '', 0, 0, 0, 547, 0),
(1182, 'admin', '2023-12-25 10:14:35', '2023-12-29 10:25:59', 21, '', 0, 0, 0, 0, 0),
(1183, '', '2023-12-25 10:15:30', '', 0, '', 0, 0, 0, 547, 0),
(1184, 'admin', '2023-12-25 10:17:06', '2023-12-29 10:25:59', 21, '', 0, 0, 0, 0, 0),
(1185, '', '2023-12-25 10:17:29', '', 0, '', 0, 0, 0, 548, 0),
(1186, 'admin', '2023-12-25 10:17:48', '2023-12-29 10:25:59', 21, '', 0, 0, 0, 0, 0),
(1187, 'Yasin', '2023-12-25 10:18:08', '2023-12-29 10:27:36', 0, '', 0, 0, 0, 0, 9),
(1188, 'admin', '2023-12-25 10:24:45', '2023-12-29 10:25:59', 21, '', 0, 0, 0, 0, 0),
(1189, 'admin', '2023-12-25 10:25:57', '2023-12-29 10:25:59', 21, '', 0, 0, 0, 0, 0),
(1190, 'Yasin', '2023-12-25 10:26:17', '2023-12-29 10:27:36', 0, '', 0, 0, 0, 0, 9),
(1191, 'admin', '2023-12-25 10:31:46', '2023-12-29 10:25:59', 21, '', 0, 0, 0, 0, 0),
(1192, '', '2023-12-25 10:34:42', '', 0, '', 0, 0, 0, 548, 0),
(1193, 'admin', '2023-12-25 10:35:42', '2023-12-29 10:25:59', 21, '', 0, 0, 0, 0, 0),
(1194, '', '2023-12-25 10:36:48', '', 0, '', 0, 0, 0, 548, 0),
(1195, 'admin', '2023-12-25 10:37:21', '2023-12-29 10:25:59', 21, '', 0, 0, 0, 0, 0),
(1196, 'Yasin', '2023-12-25 10:37:40', '2023-12-29 10:27:36', 0, '', 0, 0, 0, 0, 9),
(1197, 'admin', '2023-12-25 10:44:19', '2023-12-29 10:25:59', 21, '', 0, 0, 0, 0, 0),
(1198, 'admin', '2023-12-25 10:47:46', '2023-12-29 10:25:59', 21, '', 0, 0, 0, 0, 0),
(1199, '', '2023-12-25 10:48:12', '', 0, '', 0, 0, 0, 548, 0),
(1200, 'admin', '2023-12-25 11:10:46', '2023-12-29 10:25:59', 21, '', 0, 0, 0, 0, 0),
(1201, 'admin', '2023-12-25 11:11:14', '2023-12-29 10:25:59', 21, '', 0, 0, 0, 0, 0),
(1202, 'admin', '2023-12-25 11:20:19', '2023-12-29 10:25:59', 21, '', 0, 0, 0, 0, 0),
(1203, 'admin', '2023-12-25 13:50:32', '2023-12-29 10:25:59', 21, '', 0, 0, 0, 0, 0),
(1204, '', '2023-12-25 13:52:44', '', 0, '', 0, 0, 0, 549, 0),
(1205, 'admin', '2023-12-25 14:00:04', '2023-12-29 10:25:59', 21, '', 0, 0, 0, 0, 0),
(1206, 'admin', '2023-12-25 14:03:31', '2023-12-29 10:25:59', 21, '', 0, 0, 0, 0, 0),
(1207, '', '2023-12-25 14:25:56', '', 0, '', 0, 0, 0, 546, 0),
(1208, '', '2023-12-25 14:34:00', '', 0, '', 0, 0, 0, 547, 0),
(1209, 'admin', '2023-12-25 14:35:33', '2023-12-29 10:25:59', 21, '', 0, 0, 0, 0, 0),
(1210, '', '2023-12-25 14:39:04', '', 0, '', 0, 0, 0, 546, 0),
(1211, '', '2023-12-25 14:40:26', '', 0, '', 0, 0, 0, 547, 0),
(1212, '', '2023-12-25 14:41:01', '', 0, '', 0, 0, 0, 549, 0),
(1213, '', '2023-12-25 14:41:43', '', 0, '', 0, 0, 0, 900, 0),
(1214, 'Yasin', '2023-12-25 14:42:13', '2023-12-29 10:27:36', 0, '', 0, 0, 0, 0, 9),
(1215, '', '2023-12-25 14:43:04', '', 0, '', 0, 0, 0, 547, 0),
(1216, 'admin', '2023-12-25 14:44:43', '2023-12-29 10:25:59', 21, '', 0, 0, 0, 0, 0),
(1217, '', '2023-12-25 14:47:09', '', 0, '', 0, 0, 0, 547, 0),
(1218, 'Yasin', '2023-12-25 05:52:57', '2023-12-29 10:27:36', 0, '', 0, 0, 0, 0, 9),
(1219, '', '2023-12-25 21:30:58', '', 0, '', 0, 0, 0, 548, 0),
(1220, '', '2023-12-25 21:31:13', '', 0, '', 0, 0, 0, 547, 0),
(1221, 'admin', '2023-12-25 21:37:05', '2023-12-29 10:25:59', 21, '', 0, 0, 0, 0, 0),
(1222, '', '2023-12-25 21:39:22', '', 0, '', 0, 0, 0, 546, 0),
(1223, '', '2023-12-25 21:50:07', '', 0, '', 0, 0, 0, 548, 0),
(1224, '', '2023-12-25 21:51:17', '', 0, '', 0, 0, 0, 546, 0),
(1225, '', '2023-12-26 02:27:09', '', 0, '', 0, 0, 0, 547, 0),
(1226, 'Yasin', '2023-12-26 03:24:31', '2023-12-29 10:27:36', 0, '', 0, 0, 0, 0, 9),
(1227, '', '2023-12-26 03:25:15', '', 0, '', 0, 0, 0, 547, 0),
(1228, '', '2023-12-26 03:33:55', '', 0, '', 0, 0, 0, 546, 0),
(1229, '', '2023-12-26 03:34:22', '', 0, '', 0, 0, 0, 549, 0),
(1230, '', '2023-12-26 03:34:44', '', 0, '', 0, 0, 0, 547, 0),
(1231, '', '2023-12-26 06:22:58', '', 0, '', 0, 0, 0, 548, 0),
(1232, '', '2023-12-26 06:30:43', '', 0, '', 0, 0, 0, 547, 0),
(1233, '', '2023-12-26 06:41:41', '', 0, '', 0, 0, 0, 547, 0),
(1234, '', '2023-12-26 22:55:52', '', 0, '', 0, 0, 0, 547, 0),
(1235, 'admin', '2023-12-26 22:57:02', '2023-12-29 10:25:59', 21, '', 0, 0, 0, 0, 0),
(1236, '', '2023-12-26 22:58:36', '', 0, '', 0, 0, 0, 547, 0),
(1237, 'admin', '2023-12-26 22:59:35', '2023-12-29 10:25:59', 21, '', 0, 0, 0, 0, 0),
(1238, '', '2023-12-26 23:21:44', '', 0, '', 0, 0, 0, 548, 0),
(1239, '', '2023-12-26 23:22:14', '', 0, '', 0, 0, 0, 547, 0),
(1240, 'admin', '2023-12-26 23:39:21', '2023-12-29 10:25:59', 21, '', 0, 0, 0, 0, 0),
(1241, '', '2023-12-26 23:39:45', '', 0, '', 0, 0, 0, 548, 0),
(1242, 'admin', '2023-12-26 23:51:55', '2023-12-29 10:25:59', 21, '', 0, 0, 0, 0, 0),
(1243, '', '2023-12-26 23:52:23', '', 0, '', 0, 0, 0, 548, 0),
(1244, 'admin', '2023-12-26 23:53:55', '2023-12-29 10:25:59', 21, '', 0, 0, 0, 0, 0),
(1245, '', '2023-12-26 23:54:23', '', 0, '', 0, 0, 0, 548, 0),
(1246, 'admin', '2023-12-26 23:59:31', '2023-12-29 10:25:59', 21, '', 0, 0, 0, 0, 0),
(1247, '', '2023-12-26 23:59:57', '', 0, '', 0, 0, 0, 548, 0),
(1248, 'admin', '2023-12-27 00:14:00', '2023-12-29 10:25:59', 21, '', 0, 0, 0, 0, 0),
(1249, '', '2023-12-27 00:27:01', '', 0, '', 0, 0, 0, 548, 0),
(1250, 'admin', '2023-12-27 03:05:08', '2023-12-29 10:25:59', 21, '', 0, 0, 0, 0, 0),
(1251, '', '2023-12-27 03:43:38', '', 0, '', 0, 0, 0, 546, 0),
(1252, 'admin', '2023-12-27 03:44:29', '2023-12-29 10:25:59', 21, '', 0, 0, 0, 0, 0),
(1253, 'Yasin', '2023-12-27 03:45:09', '2023-12-29 10:27:36', 0, '', 0, 0, 0, 0, 9),
(1254, 'admin', '2023-12-27 03:45:24', '2023-12-29 10:25:59', 21, '', 0, 0, 0, 0, 0),
(1255, '', '2023-12-27 03:50:09', '', 0, '', 0, 0, 0, 548, 0),
(1256, 'admin', '2023-12-27 03:53:59', '2023-12-29 10:25:59', 21, '', 0, 0, 0, 0, 0),
(1257, '', '2023-12-27 03:54:29', '', 0, '', 0, 0, 0, 547, 0),
(1258, 'admin', '2023-12-27 03:59:37', '2023-12-29 10:25:59', 21, '', 0, 0, 0, 0, 0),
(1259, '', '2023-12-27 04:01:29', '', 0, '', 0, 0, 0, 548, 0),
(1260, '', '2023-12-27 04:01:57', '', 0, '', 0, 0, 0, 547, 0),
(1261, '', '2023-12-27 04:02:25', '', 0, '', 0, 0, 0, 549, 0),
(1262, '', '2023-12-27 04:02:45', '', 0, '', 0, 0, 0, 546, 0),
(1263, 'admin', '2023-12-27 04:03:02', '2023-12-29 10:25:59', 21, '', 0, 0, 0, 0, 0),
(1264, 'Yasin', '2023-12-27 04:03:24', '2023-12-29 10:27:36', 0, '', 0, 0, 0, 0, 9),
(1265, 'admin', '2023-12-27 04:03:44', '2023-12-29 10:25:59', 21, '', 0, 0, 0, 0, 0),
(1266, '', '2023-12-27 04:04:02', '', 0, '', 0, 0, 0, 547, 0),
(1267, '', '2023-12-27 04:04:44', '', 0, '', 0, 0, 0, 548, 0),
(1268, '', '2023-12-27 04:05:47', '', 0, '', 0, 0, 0, 546, 0),
(1269, 'admin', '2023-12-27 04:10:35', '2023-12-29 10:25:59', 21, '', 0, 0, 0, 0, 0),
(1270, '', '2023-12-27 04:11:51', '', 0, '', 0, 0, 0, 547, 0),
(1271, 'admin', '2023-12-27 04:12:08', '2023-12-29 10:25:59', 21, '', 0, 0, 0, 0, 0),
(1272, '', '2023-12-27 04:12:36', '', 0, '', 0, 0, 0, 547, 0),
(1273, '', '2023-12-27 04:16:10', '', 0, '', 0, 0, 0, 546, 0),
(1274, '', '2023-12-27 04:17:12', '', 0, '', 0, 0, 0, 548, 0),
(1275, 'admin', '2023-12-27 04:18:51', '2023-12-29 10:25:59', 21, '', 0, 0, 0, 0, 0),
(1276, 'admin', '2023-12-27 04:19:11', '2023-12-29 10:25:59', 21, '', 0, 0, 0, 0, 0),
(1277, '', '2023-12-27 04:19:39', '', 0, '', 0, 0, 0, 547, 0),
(1278, 'admin', '2023-12-27 04:20:25', '2023-12-29 10:25:59', 21, '', 0, 0, 0, 0, 0),
(1279, '', '2023-12-27 04:21:01', '', 0, '', 0, 0, 0, 548, 0),
(1280, 'admin', '2023-12-27 04:23:13', '2023-12-29 10:25:59', 21, '', 0, 0, 0, 0, 0),
(1281, '', '2023-12-27 04:29:54', '', 0, '', 0, 0, 0, 548, 0),
(1282, '', '2023-12-27 04:34:54', '', 0, '', 0, 0, 0, 547, 0),
(1283, 'admin', '2023-12-27 04:53:13', '2023-12-29 10:25:59', 21, '', 0, 0, 0, 0, 0),
(1284, 'girma', '2023-12-27 04:54:31', '', 0, '', 4, 0, 0, 0, 0),
(1285, 'girma', '2023-12-27 05:44:47', '', 0, '', 4, 0, 0, 0, 0),
(1286, 'girma', '2023-12-27 05:45:24', '', 0, '', 4, 0, 0, 0, 0),
(1287, 'girma', '2023-12-27 05:49:39', '', 0, '', 4, 0, 0, 0, 0),
(1288, '', '2023-12-27 05:53:04', '', 0, '', 0, 0, 0, 548, 0),
(1289, '', '2023-12-27 06:21:39', '', 0, '', 0, 0, 0, 548, 0),
(1290, 'admin', '2023-12-27 06:28:26', '2023-12-29 10:25:59', 21, '', 0, 0, 0, 0, 0),
(1291, '', '2023-12-27 07:15:51', '', 0, '', 0, 0, 0, 548, 0),
(1292, '', '2023-12-27 07:20:36', '', 0, '', 0, 0, 0, 548, 0),
(1293, 'admin', '2023-12-27 07:34:50', '2023-12-29 10:25:59', 21, '', 0, 0, 0, 0, 0),
(1294, '', '2023-12-27 07:35:19', '', 0, '', 0, 0, 0, 548, 0),
(1295, '', '2023-12-28 00:02:07', '', 0, '', 0, 0, 0, 548, 0),
(1296, '', '2023-12-28 00:02:26', '', 0, '', 0, 0, 0, 547, 0),
(1297, '', '2023-12-28 00:05:33', '', 0, '', 0, 0, 0, 547, 0),
(1298, '', '2023-12-28 00:06:30', '', 0, '', 0, 0, 0, 547, 0),
(1299, 'admin', '2023-12-28 00:06:54', '2023-12-29 10:25:59', 21, '', 0, 0, 0, 0, 0),
(1300, '', '2023-12-28 00:45:12', '', 0, '', 0, 0, 0, 548, 0),
(1301, '', '2023-12-28 02:38:25', '', 0, '', 0, 0, 0, 547, 0),
(1302, '', '2023-12-28 10:49:22', '', 0, '', 0, 0, 0, 548, 0),
(1303, 'admin', '2023-12-28 10:57:03', '2023-12-29 10:25:59', 21, '', 0, 0, 0, 0, 0),
(1304, '', '2023-12-28 10:57:41', '', 0, '', 0, 0, 0, 546, 0),
(1305, '', '2023-12-28 10:58:58', '', 0, '', 0, 0, 0, 547, 0),
(1306, '', '2023-12-28 10:59:38', '', 0, '', 0, 0, 0, 548, 0),
(1307, 'admin', '2023-12-28 10:59:50', '2023-12-29 10:25:59', 21, '', 0, 0, 0, 0, 0),
(1308, '', '2023-12-28 11:00:17', '', 0, '', 0, 0, 0, 547, 0),
(1309, 'admin', '2023-12-28 11:01:23', '2023-12-29 10:25:59', 21, '', 0, 0, 0, 0, 0),
(1310, '', '2023-12-28 11:01:51', '', 0, '', 0, 0, 0, 549, 0),
(1311, '', '2023-12-28 11:02:21', '', 0, '', 0, 0, 0, 547, 0),
(1312, '', '2023-12-28 11:34:33', '', 0, '', 0, 0, 0, 547, 0),
(1313, '', '2023-12-28 12:03:38', '', 0, '', 0, 0, 0, 547, 0),
(1314, 'admin', '2023-12-29 02:23:02', '2023-12-29 10:25:59', 21, '', 0, 0, 0, 0, 0),
(1315, '', '2023-12-29 03:51:35', '', 0, '', 0, 0, 0, 548, 0),
(1316, 'admin', '2023-12-29 03:53:07', '2023-12-29 10:25:59', 21, '', 0, 0, 0, 0, 0),
(1317, '', '2023-12-29 03:53:40', '', 0, '', 0, 0, 0, 547, 0),
(1318, '', '2023-12-29 04:01:13', '', 0, '', 0, 0, 0, 548, 0),
(1319, 'admin', '2023-12-29 04:14:59', '2023-12-29 10:25:59', 21, '', 0, 0, 0, 0, 0),
(1320, '', '2023-12-29 04:15:34', '', 0, '', 0, 0, 0, 547, 0),
(1321, '', '2023-12-29 04:15:54', '', 0, '', 0, 0, 0, 546, 0),
(1322, '', '2023-12-29 04:16:12', '', 0, '', 0, 0, 0, 549, 0),
(1323, '', '2023-12-29 04:16:37', '', 0, '', 0, 0, 0, 548, 0),
(1324, '', '2023-12-29 05:10:21', '', 0, '', 0, 0, 0, 548, 0),
(1325, '', '2023-12-29 05:10:21', '', 0, '', 0, 0, 0, 548, 0),
(1326, '', '2023-12-29 05:10:21', '', 0, '', 0, 0, 0, 548, 0),
(1327, '', '2023-12-29 05:10:21', '', 0, '', 0, 0, 0, 548, 0),
(1328, '', '2023-12-29 05:10:21', '', 0, '', 0, 0, 0, 548, 0),
(1329, '', '2023-12-29 05:10:21', '', 0, '', 0, 0, 0, 548, 0),
(1330, '', '2023-12-29 05:10:21', '', 0, '', 0, 0, 0, 548, 0),
(1331, '', '2023-12-29 05:10:21', '', 0, '', 0, 0, 0, 548, 0),
(1332, '', '2023-12-29 05:10:21', '', 0, '', 0, 0, 0, 548, 0),
(1333, '', '2023-12-29 05:10:21', '', 0, '', 0, 0, 0, 548, 0),
(1334, '', '2023-12-29 05:10:21', '', 0, '', 0, 0, 0, 548, 0),
(1335, '', '2023-12-29 05:10:21', '', 0, '', 0, 0, 0, 548, 0),
(1336, '', '2023-12-29 05:10:21', '', 0, '', 0, 0, 0, 548, 0),
(1337, 'admin', '2023-12-29 05:10:21', '2023-12-29 10:25:59', 21, '', 0, 0, 0, 0, 0),
(1338, 'admin', '2023-12-29 05:10:21', '2023-12-29 10:25:59', 21, '', 0, 0, 0, 0, 0),
(1339, 'admin', '2023-12-29 05:10:21', '2023-12-29 10:25:59', 21, '', 0, 0, 0, 0, 0),
(1340, 'admin', '2023-12-29 05:10:21', '2023-12-29 10:25:59', 21, '', 0, 0, 0, 0, 0),
(1341, 'admin', '2023-12-29 05:10:21', '2023-12-29 10:25:59', 21, '', 0, 0, 0, 0, 0),
(1342, '', '2023-12-29 05:10:28', '', 0, '', 0, 0, 0, 548, 0),
(1343, '', '2023-12-29 05:40:16', '', 0, '', 0, 0, 0, 547, 0),
(1344, '', '2023-12-29 05:40:35', '', 0, '', 0, 0, 0, 548, 0),
(1345, 'admin', '2023-12-29 07:15:08', '2023-12-29 10:25:59', 21, '', 0, 0, 0, 0, 0),
(1346, '', '2023-12-29 07:15:34', '', 0, '', 0, 0, 0, 548, 0),
(1347, '', '2023-12-29 07:20:38', '', 0, '', 0, 0, 0, 548, 0),
(1348, '', '2023-12-29 08:02:37', '', 0, '', 0, 0, 0, 549, 0),
(1349, 'admin', '2023-12-29 08:09:56', '2023-12-29 10:25:59', 21, '', 0, 0, 0, 0, 0),
(1350, '', '2023-12-29 08:10:41', '', 0, '', 0, 0, 0, 548, 0),
(1351, 'admin', '2023-12-29 08:56:15', '2023-12-29 10:25:59', 21, '', 0, 0, 0, 0, 0),
(1352, '', '2023-12-29 08:58:02', '', 0, '', 0, 0, 0, 548, 0),
(1353, '', '2023-12-29 08:58:14', '', 0, '', 0, 0, 0, 549, 0),
(1354, '', '2023-12-29 08:59:47', '', 0, '', 0, 0, 0, 547, 0),
(1355, '', '2023-12-29 09:00:14', '', 0, '', 0, 0, 0, 546, 0),
(1356, 'admin', '2023-12-29 09:00:38', '2023-12-29 10:25:59', 21, '', 0, 0, 0, 0, 0),
(1357, '', '2023-12-29 09:00:57', '', 0, '', 0, 0, 0, 548, 0),
(1358, 'admin', '2023-12-29 10:06:44', '2023-12-29 10:25:59', 21, '', 0, 0, 0, 0, 0),
(1359, '', '2023-12-29 10:07:16', '', 0, '', 0, 0, 0, 548, 0),
(1360, 'admin', '2023-12-29 10:24:58', '2023-12-29 10:25:59', 21, '', 0, 0, 0, 0, 0),
(1361, 'admin', '2023-12-29 10:25:51', '2023-12-29 10:25:59', 21, '', 0, 0, 0, 0, 0),
(1362, '', '2023-12-29 10:26:07', '', 0, '', 0, 0, 0, 547, 0),
(1363, '', '2023-12-29 10:26:24', '', 0, '', 0, 0, 0, 549, 0),
(1364, '', '2023-12-29 10:26:43', '', 0, '', 0, 0, 0, 546, 0),
(1365, 'Yasin', '2023-12-29 10:27:13', '2023-12-29 10:27:36', 0, '', 0, 0, 0, 0, 9),
(1366, '', '2023-12-29 10:27:50', '', 0, '', 0, 0, 0, 548, 0);

-- --------------------------------------------------------

--
-- Table structure for table `wate_point`
--

CREATE TABLE `wate_point` (
  `wate_point_id` int(100) NOT NULL,
  `wate` int(100) NOT NULL,
  `program_id` int(100) NOT NULL
) ENGINE=InnoDB DEFAULT CHARSET=utf8mb4 COLLATE=utf8mb4_general_ci;

--
-- Dumping data for table `wate_point`
--

INSERT INTO `wate_point` (`wate_point_id`, `wate`, `program_id`) VALUES
(3, 20, 20),
(4, 15, 21),
(5, 35, 19),
(6, 20, 22),
(7, 10, 23);

-- --------------------------------------------------------

--
-- Table structure for table `yebelay`
--

CREATE TABLE `yebelay` (
  `yebelay_id` int(100) NOT NULL,
  `employee_id` int(100) NOT NULL,
  `emplo_id` int(100) NOT NULL,
  `thumbnails` varchar(100) NOT NULL,
  `program_id` int(100) NOT NULL
) ENGINE=InnoDB DEFAULT CHARSET=utf8mb4 COLLATE=utf8mb4_general_ci;

--
-- Dumping data for table `yebelay`
--

INSERT INTO `yebelay` (`yebelay_id`, `employee_id`, `emplo_id`, `thumbnails`, `program_id`) VALUES
(139, 548, 0, 'uploads/thumbnails.jpg', 19),
(140, 547, 0, 'uploads/thumbnails.jpg', 19),
(141, 549, 0, 'uploads/thumbnails.jpg', 19),
(142, 546, 548, 'uploads/thumbnails.jpg', 19);

-- --------------------------------------------------------

--
-- Table structure for table `yebetach`
--

CREATE TABLE `yebetach` (
  `yebetach_id` int(100) NOT NULL,
  `employee_id` int(100) NOT NULL,
  `emplo_id` int(100) NOT NULL,
  `thumbnails` varchar(100) NOT NULL,
  `program_id` int(100) NOT NULL
) ENGINE=InnoDB DEFAULT CHARSET=utf8mb4 COLLATE=utf8mb4_general_ci;

--
-- Dumping data for table `yebetach`
--

INSERT INTO `yebetach` (`yebetach_id`, `employee_id`, `emplo_id`, `thumbnails`, `program_id`) VALUES
(130, 548, 0, 'uploads/thumbnails.jpg', 20),
(131, 547, 548, 'uploads/thumbnails.jpg', 20),
(132, 549, 0, 'uploads/thumbnails.jpg', 20),
(133, 546, 0, 'uploads/thumbnails.jpg', 20);

--
-- Indexes for dumped tables
--

--
-- Indexes for table `acha`
--
ALTER TABLE `acha`
  ADD PRIMARY KEY (`acha_id`);

--
-- Indexes for table `assigned`
--
ALTER TABLE `assigned`
  ADD PRIMARY KEY (`assigned_id`);

--
-- Indexes for table `content`
--
ALTER TABLE `content`
  ADD PRIMARY KEY (`content_id`);

--
-- Indexes for table `costemer`
--
ALTER TABLE `costemer`
  ADD PRIMARY KEY (`costemer_id`);

--
-- Indexes for table `criteria_list`
--
ALTER TABLE `criteria_list`
  ADD PRIMARY KEY (`criteria_id`);

--
-- Indexes for table `customer`
--
ALTER TABLE `customer`
  ADD PRIMARY KEY (`customer_id`);

--
-- Indexes for table `department`
--
ALTER TABLE `department`
  ADD PRIMARY KEY (`department_id`);

--
-- Indexes for table `employee`
--
ALTER TABLE `employee`
  ADD PRIMARY KEY (`employee_id`),
  ADD KEY `index` (`emplo_id`);

--
-- Indexes for table `employee_result`
--
ALTER TABLE `employee_result`
  ADD PRIMARY KEY (`employee_result_id`);

--
-- Indexes for table `evaluation_year`
--
ALTER TABLE `evaluation_year`
  ADD PRIMARY KEY (`evaluation_year_id`);

--
-- Indexes for table `feedback`
--
ALTER TABLE `feedback`
  ADD PRIMARY KEY (`feedback_id`);

--
-- Indexes for table `job_title`
--
ALTER TABLE `job_title`
  ADD PRIMARY KEY (`job_title_id`);

--
-- Indexes for table `programs`
--
ALTER TABLE `programs`
  ADD PRIMARY KEY (`program_id`);

--
-- Indexes for table `question_list`
--
ALTER TABLE `question_list`
  ADD PRIMARY KEY (`question_ID`);

--
-- Indexes for table `registerd`
--
ALTER TABLE `registerd`
  ADD PRIMARY KEY (`registerd_id`);

--
-- Indexes for table `self`
--
ALTER TABLE `self`
  ADD PRIMARY KEY (`self_id`);

--
-- Indexes for table `users`
--
ALTER TABLE `users`
  ADD PRIMARY KEY (`user_id`);

--
-- Indexes for table `user_log`
--
ALTER TABLE `user_log`
  ADD PRIMARY KEY (`user_log_id`);

--
-- Indexes for table `wate_point`
--
ALTER TABLE `wate_point`
  ADD PRIMARY KEY (`wate_point_id`);

--
-- Indexes for table `yebelay`
--
ALTER TABLE `yebelay`
  ADD PRIMARY KEY (`yebelay_id`);

--
-- Indexes for table `yebetach`
--
ALTER TABLE `yebetach`
  ADD PRIMARY KEY (`yebetach_id`);

--
-- AUTO_INCREMENT for dumped tables
--

--
-- AUTO_INCREMENT for table `acha`
--
ALTER TABLE `acha`
  MODIFY `acha_id` int(100) NOT NULL AUTO_INCREMENT, AUTO_INCREMENT=135;

--
-- AUTO_INCREMENT for table `assigned`
--
ALTER TABLE `assigned`
  MODIFY `assigned_id` int(100) NOT NULL AUTO_INCREMENT, AUTO_INCREMENT=129;

--
-- AUTO_INCREMENT for table `content`
--
ALTER TABLE `content`
  MODIFY `content_id` int(100) NOT NULL AUTO_INCREMENT, AUTO_INCREMENT=3;

--
-- AUTO_INCREMENT for table `costemer`
--
ALTER TABLE `costemer`
  MODIFY `costemer_id` int(100) NOT NULL AUTO_INCREMENT, AUTO_INCREMENT=47;

--
-- AUTO_INCREMENT for table `customer`
--
ALTER TABLE `customer`
  MODIFY `customer_id` int(100) NOT NULL AUTO_INCREMENT, AUTO_INCREMENT=14;

--
-- AUTO_INCREMENT for table `department`
--
ALTER TABLE `department`
  MODIFY `department_id` int(11) NOT NULL AUTO_INCREMENT, AUTO_INCREMENT=61;

--
-- AUTO_INCREMENT for table `employee`
--
ALTER TABLE `employee`
  MODIFY `emplo_id` int(100) NOT NULL AUTO_INCREMENT, AUTO_INCREMENT=26;

--
-- AUTO_INCREMENT for table `employee_result`
--
ALTER TABLE `employee_result`
  MODIFY `employee_result_id` int(100) NOT NULL AUTO_INCREMENT, AUTO_INCREMENT=448;

--
-- AUTO_INCREMENT for table `evaluation_year`
--
ALTER TABLE `evaluation_year`
  MODIFY `evaluation_year_id` int(11) NOT NULL AUTO_INCREMENT, AUTO_INCREMENT=125;

--
-- AUTO_INCREMENT for table `feedback`
--
ALTER TABLE `feedback`
  MODIFY `feedback_id` int(11) NOT NULL AUTO_INCREMENT, AUTO_INCREMENT=190;

--
-- AUTO_INCREMENT for table `job_title`
--
ALTER TABLE `job_title`
  MODIFY `job_title_id` int(11) NOT NULL AUTO_INCREMENT, AUTO_INCREMENT=48;

--
-- AUTO_INCREMENT for table `programs`
--
ALTER TABLE `programs`
  MODIFY `program_id` int(100) NOT NULL AUTO_INCREMENT, AUTO_INCREMENT=31;

--
-- AUTO_INCREMENT for table `question_list`
--
ALTER TABLE `question_list`
  MODIFY `question_ID` int(100) NOT NULL AUTO_INCREMENT, AUTO_INCREMENT=73;

--
-- AUTO_INCREMENT for table `registerd`
--
ALTER TABLE `registerd`
  MODIFY `registerd_id` int(100) NOT NULL AUTO_INCREMENT, AUTO_INCREMENT=10;

--
-- AUTO_INCREMENT for table `self`
--
ALTER TABLE `self`
  MODIFY `self_id` int(100) NOT NULL AUTO_INCREMENT, AUTO_INCREMENT=130;

--
-- AUTO_INCREMENT for table `users`
--
ALTER TABLE `users`
  MODIFY `user_id` int(11) NOT NULL AUTO_INCREMENT, AUTO_INCREMENT=31;

--
-- AUTO_INCREMENT for table `user_log`
--
ALTER TABLE `user_log`
  MODIFY `user_log_id` int(11) NOT NULL AUTO_INCREMENT, AUTO_INCREMENT=1367;

--
-- AUTO_INCREMENT for table `wate_point`
--
ALTER TABLE `wate_point`
  MODIFY `wate_point_id` int(100) NOT NULL AUTO_INCREMENT, AUTO_INCREMENT=8;

--
-- AUTO_INCREMENT for table `yebelay`
--
ALTER TABLE `yebelay`
  MODIFY `yebelay_id` int(100) NOT NULL AUTO_INCREMENT, AUTO_INCREMENT=143;

--
-- AUTO_INCREMENT for table `yebetach`
--
ALTER TABLE `yebetach`
  MODIFY `yebetach_id` int(100) NOT NULL AUTO_INCREMENT, AUTO_INCREMENT=134;
COMMIT;

/*!40101 SET CHARACTER_SET_CLIENT=@OLD_CHARACTER_SET_CLIENT */;
/*!40101 SET CHARACTER_SET_RESULTS=@OLD_CHARACTER_SET_RESULTS */;
/*!40101 SET COLLATION_CONNECTION=@OLD_COLLATION_CONNECTION */;
